"Candidate Name","Party","Office Name","Office District","Winner","Write-In?","Election Night Votes","Election Night Votes Against","Absentees Votes","Absentees Votes Against","Provisional Votes","Provisional Votes Against","2nd Absentees Votes","2nd Absentees Votes Against","Total Votes","Total Votes Against"
"Barack Obama","DEM","President - Vice Pres","","Y","","93934","","5205","","4003","","1301","","126635",""
"Mitt Romney","REP","President - Vice Pres","","","","103049","","5047","","2548","","875","","126832",""
"Gary Johnson","LIB","President - Vice Pres","","","","3188","","132","","114","","41","","3765",""
"Jill Stein","GRN","President - Vice Pres","","","","1447","","77","","35","","24","","1727",""
"Tiffany Renee Briscoe","DEM","President - Vice Pres","","","Y","1","","0","","0","","0","","1",""
"Dennis Knill","DEM","President - Vice Pres","","","Y","0","","0","","0","","0","","0",""
"Matthew Lydick","REP","President - Vice Pres","","","Y","2","","0","","0","","0","","2",""
"Barbara A. Prokopich","REP","President - Vice Pres","","","Y","2","","0","","0","","0","","2",""
"Santa Claus","IND","President - Vice Pres","","","Y","83","","0","","2","","0","","96",""
"Richard Duncan","IND","President - Vice Pres","","","Y","2","","0","","0","","0","","2",""
"Bruce Mlynski","IND","President - Vice Pres","","","Y","0","","0","","0","","0","","0",""
"Kevin M. Thorne","IND","President - Vice Pres","","","Y","0","","0","","0","","0","","0",""
"James Clymer","CON","President - Vice Pres","","","Y","2","","0","","0","","0","","3",""
"Virgil Goode","CON","President - Vice Pres","","","Y","47","","2","","2","","0","","58",""
"Ross C. Rocky Anderson","OTH","President - Vice Pres","","","Y","16","","1","","1","","0","","22",""
"Andre Barnett","OTH","President - Vice Pres","","","Y","0","","0","","0","","0","","0",""
"Roseanne Barr","OTH","President - Vice Pres","","","Y","10","","0","","1","","0","","11",""
"Will Christensen","OTH","President - Vice Pres","","","Y","0","","0","","0","","0","","0",""
"Stephen Durham","OTH","President - Vice Pres","","","Y","0","","0","","0","","0","","0",""
"Merlin Miller","OTH","President - Vice Pres","","","Y","2","","0","","0","","0","","2",""
"Leon Leo Ray","OTH","President - Vice Pres","","","Y","0","","0","","0","","0","","0",""
"Michael David Boyles","UNF","President - Vice Pres","","","Y","0","","0","","0","","0","","0",""
"Theodis (Ted) Brown, Sr.","UNF","President - Vice Pres","","","Y","0","","0","","0","","0","","0",""
"Paul Chehade","UNF","President - Vice Pres","","","Y","2","","0","","0","","0","","2",""
"David M. Crosby","UNF","President - Vice Pres","","","Y","0","","0","","0","","0","","0",""
"Fred Donald Dickson, Jr.","UNF","President - Vice Pres","","","Y","0","","0","","0","","0","","0",""
"Robert William Dietz","UNF","President - Vice Pres","","","Y","0","","0","","0","","0","","0",""
"Dwight Kenneth French","UNF","President - Vice Pres","","","Y","0","","0","","0","","0","","0",""
"Darrell Hykes","UNF","President - Vice Pres","","","Y","0","","0","","0","","0","","0",""
"Nelson Keyton","UNF","President - Vice Pres","","","Y","0","","0","","0","","0","","0",""
"Dean Morstad","UNF","President - Vice Pres","","","Y","0","","0","","0","","0","","0",""
"Deonia Neveu","UNF","President - Vice Pres","","","Y","0","","0","","0","","0","","0",""
"Terrance James O'Hara","UNF","President - Vice Pres","","","Y","0","","0","","0","","0","","0",""
"Jill Reed","UNF","President - Vice Pres","","","Y","0","","0","","0","","0","","0",""
"Cecil James Roth","UNF","President - Vice Pres","","","Y","0","","0","","0","","0","","0",""
"Sheila Tittle","UNF","President - Vice Pres","","","Y","0","","0","","0","","0","","0",""
"Other Write-Ins","BOT","President - Vice Pres","","","Y","815","","38","","60","","13","","995",""
"Ben Cardin","DEM","U.S. Senator           ","","Y","","78578","","5021","","3324","","1155","","108328",""
"Daniel John Bongino","REP","U.S. Senator           ","","","","74472","","4027","","1896","","705","","93804",""
"Dean Ahmad","LIB","U.S. Senator           ","","","","2729","","126","","130","","45","","3320",""
"S. Rob Sobhani","UNF","U.S. Senator           ","","","","41878","","1022","","1151","","188","","48503",""
"Lih Young","DEM","U.S. Senator           ","","","Y","8","","0","","0","","0","","15",""
"Mary Podlesak","REP","U.S. Senator           ","","","Y","0","","0","","0","","0","","0",""
"Brandy Baker","UNF","U.S. Senator           ","","","Y","8","","1","","0","","0","","15",""
"Ed Tinus","UNF","U.S. Senator           ","","","Y","4","","0","","0","","0","","5",""
"Other Write-Ins","BOT","U.S. Senator           ","","","Y","169","","8","","8","","6","","206",""
"C. A. Dutch Ruppersberger","DEM","U.S. Congress","02","Y","","14809","","594","","607","","168","","19718",""
"Nancy C. Jacobs","REP","U.S. Congress","02","","","7206","","329","","181","","90","","8731",""
"Leo Wayne Dymowski","LIB","U.S. Congress","02","","","859","","31","","34","","12","","1032",""
"Ray Bly","REP","U.S. Congress","02","","Y","1","","0","","0","","0","","1",""
"Other Write-Ins","BOT","U.S. Congress","02","","Y","23","","1","","1","","0","","29",""
"John Sarbanes","DEM","U.S. Congress","03","Y","","41813","","2273","","1505","","507","","55673",""
"Eric Delano Knowles","REP","U.S. Congress","03","","","29730","","1405","","640","","210","","36079",""
"Paul W. Drgos, Jr.","LIB","U.S. Congress","03","","","3166","","95","","104","","18","","3712",""
"Other Write-Ins","BOT","U.S. Congress","03","","Y","118","","6","","4","","2","","144",""
"Donna F. Edwards","DEM","U.S. Congress","04","Y","","27111","","1824","","549","","388","","36334",""
"Faith M. Loudon","REP","U.S. Congress","04","","","42291","","2185","","722","","372","","52362",""
"Scott Soffen","LIB","U.S. Congress","04","","","3072","","122","","80","","40","","3607",""
"Other Write-Ins","BOT","U.S. Congress","04","","Y","108","","5","","5","","0","","126",""
"Steny H. Hoyer","DEM","U.S. Congress","05","Y","","10101","","568","","277","","130","","13490",""
"Tony O'Donnell","REP","U.S. Congress","05","","","11077","","507","","234","","89","","13990",""
"Arvin Vohra","LIB","U.S. Congress","05","","","480","","15","","11","","2","","569",""
"Bob Auerbach","GRN","U.S. Congress","05","","","589","","30","","15","","6","","735",""
"Other Write-Ins","BOT","U.S. Congress","05","","Y","33","","3","","0","","1","","40",""
"Pamela L. North","BOT","Judge Circuit Court","05","Y","","153255","","7472","","4667","","1407","","196277",""
"Other Write-Ins","BOT","Judge Circuit Court","05","","Y","1869","","132","","85","","36","","2469",""
"Stuart R. Berger","BOT","Judge Spec Appeal at Lg","","Y","","133481","29892","6685","1272","4456","923","1226","234","171957","37366"
"Patricia Ray Nalley","NON","Board of Ed At Large","","Y","","131050","33815","6605","1433","4320","890","1226","258","168731","42166"
"Stacy L. Korbelak","NON","Board of Education","21","Y","","129204","33623","6365","1425","4171","903","1172","274","165916","42076"
"Amalie Elizabeth Brandenburg","NON","Board of Education","33","Y","","128653","33144","6349","1431","4146","903","1159","274","165161","41573"
