"Candidate Name","Party","Office Name","Office District","Winner","Write-In?","Election Night Votes","Election Night Votes Against","Absentees Votes","Absentees Votes Against","Provisional Votes","Provisional Votes Against","2nd Absentees Votes","2nd Absentees Votes Against","Total Votes","Total Votes Against"
"Barack Obama","DEM","President - Vice Pres","","Y","","13042","","733","","242","","93","","16557",""
"Mitt Romney","REP","President - Vice Pres","","","","20290","","867","","231","","78","","24806",""
"Gary Johnson","LIB","President - Vice Pres","","","","564","","18","","6","","5","","643",""
"Jill Stein","GRN","President - Vice Pres","","","","248","","11","","3","","2","","290",""
"Tiffany Renee Briscoe","DEM","President - Vice Pres","","","Y","1","0","0","","0","","0","","1",""
"Dennis Knill","DEM","President - Vice Pres","","","Y","0","0","0","","0","","0","","0",""
"Matthew Lydick","REP","President - Vice Pres","","","Y","0","0","0","","0","","0","","0",""
"Barbara A. Prokopich","REP","President - Vice Pres","","","Y","0","0","0","","0","","0","","0",""
"Santa Claus","IND","President - Vice Pres","","","Y","12","0","0","","0","","0","","12",""
"Richard Duncan","IND","President - Vice Pres","","","Y","0","0","0","","0","","0","","0",""
"Bruce Mlynski","IND","President - Vice Pres","","","Y","0","0","0","","0","","0","","0",""
"Kevin M. Thorne","IND","President - Vice Pres","","","Y","0","0","0","","0","","0","","0",""
"James Clymer","CON","President - Vice Pres","","","Y","0","0","0","","0","","0","","0",""
"Virgil Goode","CON","President - Vice Pres","","","Y","12","0","0","","0","","1","","13",""
"Ross C. Rocky Anderson","OTH","President - Vice Pres","","","Y","4","0","1","","0","","0","","5",""
"Andre Barnett","OTH","President - Vice Pres","","","Y","0","0","0","","0","","0","","0",""
"Roseanne Barr","OTH","President - Vice Pres","","","Y","1","0","0","","0","","0","","2",""
"Will Christensen","OTH","President - Vice Pres","","","Y","0","0","0","","0","","0","","0",""
"Stephen Durham","OTH","President - Vice Pres","","","Y","0","0","0","","0","","0","","0",""
"Merlin Miller","OTH","President - Vice Pres","","","Y","0","0","0","","0","","0","","0",""
"Leon Leo Ray","OTH","President - Vice Pres","","","Y","0","0","0","","0","","0","","0",""
"Michael David Boyles","UNF","President - Vice Pres","","","Y","0","0","0","","0","","0","","0",""
"Theodis (Ted) Brown, Sr.","UNF","President - Vice Pres","","","Y","0","0","0","","0","","0","","0",""
"Paul Chehade","UNF","President - Vice Pres","","","Y","0","0","0","","0","","0","","0",""
"David M. Crosby","UNF","President - Vice Pres","","","Y","0","0","0","","0","","0","","0",""
"Fred Donald Dickson, Jr.","UNF","President - Vice Pres","","","Y","0","0","0","","0","","0","","0",""
"Robert William Dietz","UNF","President - Vice Pres","","","Y","0","0","0","","0","","0","","0",""
"Dwight Kenneth French","UNF","President - Vice Pres","","","Y","0","0","0","","0","","0","","0",""
"Darrell Hykes","UNF","President - Vice Pres","","","Y","0","0","0","","0","","0","","0",""
"Nelson Keyton","UNF","President - Vice Pres","","","Y","0","0","0","","0","","0","","0",""
"Dean Morstad","UNF","President - Vice Pres","","","Y","0","0","0","","0","","0","","0",""
"Deonia Neveu","UNF","President - Vice Pres","","","Y","0","0","0","","0","","0","","0",""
"Terrance James O'Hara","UNF","President - Vice Pres","","","Y","0","","0","","0","","0","","0",""
"Jill Reed","UNF","President - Vice Pres","","","Y","0","0","0","","0","","0","","0",""
"Cecil James Roth","UNF","President - Vice Pres","","","Y","0","0","0","","0","","0","","0",""
"Sheila Tittle","UNF","President - Vice Pres","","","Y","0","0","0","","0","","0","","0",""
"Other Write-Ins","BOT","President - Vice Pres","","","Y","134","0","2","","2","","0","","151",""
"Ben Cardin","DEM","U.S. Senator           ","","Y","","11643","","750","","211","","90","","14994",""
"Daniel John Bongino","REP","U.S. Senator           ","","","","14823","","702","","173","","57","","18452",""
"Dean Ahmad","LIB","U.S. Senator           ","","","","457","","16","","14","","6","","549",""
"S. Rob Sobhani","UNF","U.S. Senator           ","","","","6223","","136","","55","","16","","7137",""
"Lih Young","DEM","U.S. Senator           ","","","Y","3","0","0","","0","","0","","3",""
"Mary Podlesak","REP","U.S. Senator           ","","","Y","4","0","0","","0","","0","","4",""
"Brandy Baker","UNF","U.S. Senator           ","","","Y","0","0","0","","0","","0","","0",""
"Ed Tinus","UNF","U.S. Senator           ","","","Y","2","0","0","","0","","0","","2",""
"Other Write-Ins","BOT","U.S. Senator           ","","","Y","33","0","0","","0","","0","","38",""
"Wendy Rosen","DEM","U.S. Congress","01","","","10084","","583","","176","","68","","12720",""
"Andy Harris","REP","U.S. Congress","01","Y","","20469","","861","","230","","74","","24954",""
"Muir Wayne Boda","LIB","U.S. Congress","01","","","1023","","56","","10","","7","","1243",""
"John LaFerla","DEM","U.S. Congress","01","","Y","1022","0","59","","5","","15","","1462",""
"Michael Calpino","UNF","U.S. Congress","01","","Y","7","0","0","","0","","0","","9",""
"Douglas Dryden Rae","UNF","U.S. Congress","01","","Y","2","0","0","","0","","0","","2",""
"Other Write-Ins","BOT","U.S. Congress","01","","Y","62","0","0","","0","","0","","81",""
"Pamela R. Howard","DEM","County Executive       ","","","","15401","","798","","218","","93","","19252",""
"Tari Moore","REP","County Executive       ","","Y","","17353","","761","","198","","71","","21332",""
"Other Write-Ins","BOT","County Executive       ","","","Y","48","","5","","2","","1","","69",""
"Pamela Husfelt Bailey","DEM","County Council         ","001","","","12349","","678","","200","","76","","15559",""
"Alan McCarthy","REP","County Council         ","001","Y","","19572","","822","","207","","74","","24005",""
"Other Write-Ins","BOT","County Council         ","001","","Y","43","","2","","0","","0","","59",""
"James G. Crouse","DEM","County Council         ","005","","","14214","","720","","218","","87","","17905",""
"Robert J. Hodge","REP","County Council         ","005","Y","","18007","","733","","195","","63","","21936",""
"Other Write-Ins","BOT","County Council         ","005","","Y","38","","3","","0","","0","","48",""
"Keith A. Baynes","BOT","Judge Circuit Court","02","Y","","22316","","982","","232","","103","","27787",""
"Jane Murray","BOT","Judge Circuit Court","02","Y","","21417","","1004","","225","","111","","26838",""
"Other Write-Ins","BOT","Judge Circuit Court","02","","Y","182","","17","","0","","1","","243",""
"Stuart R. Berger","BOT","Judge Spec Appeal at Lg","","Y","","23732","4544","1027","193","320","65","126","9","29323","5553"
"William Clark Manlove","NON","Board of Education","001","Y","","27499","","1186","","338","","132","","33846",""
"Other Write-Ins","NON","Board of Education","001","","Y","181","","13","","3","","3","","238",""
"Lauren Connon Camphausen","NON","Board of Education","002","Y","","25431","","1071","","326","","127","","31249",""
"Other Write-Ins","NON","Board of Education","002","","Y","96","","7","","2","","0","","127",""
