"Candidate Name","Party","Office Name","Office District","Winner","Write-In?","Election Night Votes","Election Night Votes Against","Absentees Votes","Absentees Votes Against","Provisional Votes","Provisional Votes Against","2nd Absentees Votes","2nd Absentees Votes Against","Total Votes","Total Votes Against"
"Barack Obama","DEM","President - Vice Pres","","Y","","224400","","5213","","8903","","22651","","323400",""
"Mitt Romney","REP","President - Vice Pres","","","","96568","","2070","","2183","","8129","","123353",""
"Gary Johnson","LIB","President - Vice Pres","","","","3467","","43","","124","","304","","4382",""
"Jill Stein","GRN","President - Vice Pres","","","","2418","","43","","96","","273","","3282",""
"Tiffany Renee Briscoe","DEM","President - Vice Pres","","","Y","0","0","0","","0","","0","","1",""
"Dennis Knill","DEM","President - Vice Pres","","","Y","0","0","0","","0","","0","","0",""
"Matthew Lydick","REP","President - Vice Pres","","","Y","2","0","0","","0","","0","","2",""
"Barbara A. Prokopich","REP","President - Vice Pres","","","Y","0","0","0","","0","","0","","0",""
"Santa Claus","IND","President - Vice Pres","","","Y","39","0","0","","0","","0","","43",""
"Richard Duncan","IND","President - Vice Pres","","","Y","1","0","0","","0","","0","","1",""
"Bruce Mlynski","IND","President - Vice Pres","","","Y","0","0","0","","0","","0","","0",""
"Kevin M. Thorne","IND","President - Vice Pres","","","Y","0","0","0","","0","","0","","0",""
"James Clymer","CON","President - Vice Pres","","","Y","2","0","0","","0","","0","","2",""
"Virgil Goode","CON","President - Vice Pres","","","Y","43","0","1","","1","","0","","52",""
"Ross C. Rocky Anderson","OTH","President - Vice Pres","","","Y","42","0","1","","1","","8","","70",""
"Andre Barnett","OTH","President - Vice Pres","","","Y","2","0","1","","0","","1","","5",""
"Roseanne Barr","OTH","President - Vice Pres","","","Y","7","0","0","","0","","0","","7",""
"Will Christensen","OTH","President - Vice Pres","","","Y","0","0","0","","0","","0","","0",""
"Stephen Durham","OTH","President - Vice Pres","","","Y","3","0","0","","0","","0","","3",""
"Merlin Miller","OTH","President - Vice Pres","","","Y","8","0","0","","0","","0","","8",""
"Leon Leo Ray","OTH","President - Vice Pres","","","Y","0","0","0","","0","","0","","0",""
"Michael David Boyles","UNF","President - Vice Pres","","","Y","1","0","0","","0","","0","","1",""
"Theodis (Ted) Brown, Sr.","UNF","President - Vice Pres","","","Y","0","0","0","","0","","0","","0",""
"Paul Chehade","UNF","President - Vice Pres","","","Y","0","0","0","","0","","0","","0",""
"David M. Crosby","UNF","President - Vice Pres","","","Y","1","0","0","","0","","0","","1",""
"Fred Donald Dickson, Jr.","UNF","President - Vice Pres","","","Y","0","0","0","","0","","0","","0",""
"Robert William Dietz","UNF","President - Vice Pres","","","Y","0","0","0","","0","","0","","0",""
"Dwight Kenneth French","UNF","President - Vice Pres","","","Y","0","0","0","","0","","0","","2",""
"Darrell Hykes","UNF","President - Vice Pres","","","Y","0","0","0","","0","","0","","0",""
"Nelson Keyton","UNF","President - Vice Pres","","","Y","0","0","0","","0","","0","","0",""
"Dean Morstad","UNF","President - Vice Pres","","","Y","0","0","0","","0","","0","","0",""
"Deonia Neveu","UNF","President - Vice Pres","","","Y","0","0","0","","0","","0","","0",""
"Terrance James O'Hara","UNF","President - Vice Pres","","","Y","0","","0","","0","","0","","0",""
"Jill Reed","UNF","President - Vice Pres","","","Y","1","0","0","","0","","0","","1",""
"Cecil James Roth","UNF","President - Vice Pres","","","Y","0","0","0","","0","","0","","0",""
"Sheila Tittle","UNF","President - Vice Pres","","","Y","0","0","0","","0","","0","","0",""
"Other Write-Ins","BOT","President - Vice Pres","","","Y","1084","0","16","","40","","101","","1376",""
"Ben Cardin","DEM","U.S. Senator           ","","Y","","200694","","4900","","7804","","21841","","293715",""
"Daniel John Bongino","REP","U.S. Senator           ","","","","72694","","1598","","1683","","6457","","94010",""
"Dean Ahmad","LIB","U.S. Senator           ","","","","4547","","61","","240","","334","","5790",""
"S. Rob Sobhani","UNF","U.S. Senator           ","","","","40491","","534","","1104","","1718","","49611",""
"Lih Young","DEM","U.S. Senator           ","","","Y","17","0","0","","0","","1","","20",""
"Mary Podlesak","REP","U.S. Senator           ","","","Y","0","0","0","","0","","0","","0",""
"Brandy Baker","UNF","U.S. Senator           ","","","Y","26","0","0","","1","","4","","34",""
"Ed Tinus","UNF","U.S. Senator           ","","","Y","1","0","0","","0","","0","","3",""
"Other Write-Ins","BOT","U.S. Senator           ","","","Y","297","0","7","","18","","33","","398",""
"John Sarbanes","DEM","U.S. Congress","03","Y","","23069","","351","","875","","2026","","35938",""
"Eric Delano Knowles","REP","U.S. Congress","03","","","9168","","156","","157","","749","","12366",""
"Paul W. Drgos, Jr.","LIB","U.S. Congress","03","","","800","","7","","27","","51","","1046",""
"Other Write-Ins","BOT","U.S. Congress","03","","Y","67","","3","","2","","7","","98",""
"John Delaney","DEM","U.S. Congress","06","Y","","76276","","1452","","2460","","5672","","105631",""
"Roscoe G. Bartlett","REP","U.S. Congress","06","","","35024","","654","","669","","2600","","44425",""
"Nickolaus Mueller","LIB","U.S. Congress","06","","","3129","","32","","88","","183","","3808",""
"Other Write-Ins","BOT","U.S. Congress","06","","Y","186","","2","","8","","13","","256",""
"Chris Van Hollen","DEM","U.S. Congress","08","Y","","124199","","3330","","4090","","14743","","178489",""
"Ken Timmerman","REP","U.S. Congress","08","","","37628","","936","","808","","3546","","48083",""
"Mark Grannis","LIB","U.S. Congress","08","","","3124","","47","","99","","226","","3872",""
"George Gluck","GRN","U.S. Congress","08","","","2448","","46","","95","","282","","3289",""
"Other Write-Ins","BOT","U.S. Congress","08","","Y","188","","5","","5","","25","","248",""
"Anne K. Albright","BOT","Judge Circuit Court","06","Y","","213155","","4187","","6255","","17611","","298092",""
"Michael D. Mason","BOT","Judge Circuit Court","06","Y","","189532","","3639","","4451","","15583","","264593",""
"Louise G. Scrivener","BOT","Judge Circuit Court","06","Y","","180352","","3565","","3673","","15106","","253313",""
"Other Write-Ins","BOT","Judge Circuit Court","06","","Y","3062","","60","","107","","299","","4068",""
"Stuart R. Berger","BOT","Judge Spec Appeal at Lg","","Y","","217748","28651","4475","468","7204","1123","18427","1749","304401","37326"
"Phil Kauffman","NON","Board of Ed at Large","","Y","","167127","","3200","","5488","","13298","","234312",""
"Morris Panner","NON","Board of Ed at Large","","","","62945","","1217","","1982","","5318","","83738",""
"Other Write-Ins","NON","Board of Ed at Large","","","Y","1262","","26","","54","","93","","1672",""
"Fred Evans","NON","Board of Education     ","002","","","113695","","2211","","3608","","8781","","155702",""
"Rebecca Smondrowski","NON","Board of Education     ","002","Y","","117350","","2241","","4034","","9600","","165115",""
"Other Write-Ins","NON","Board of Education     ","002","","Y","897","","21","","54","","95","","1224",""
"Christopher Barclay","NON","Board of Education     ","004","Y","","130752","","2402","","4199","","10251","","181459",""
"Annita Seckinger","NON","Board of Education     ","004","","","92530","","1889","","3262","","7558","","127327",""
"Other Write-Ins","NON","Board of Education     ","004","","Y","902","","17","","49","","93","","1229",""
